<?xml version="1.0" encoding="UTF-8"?>
<project-private xmlns="http://www.netbeans.org/ns/project-private/1">
    <editor-bookmarks xmlns="http://www.netbeans.org/ns/editor-bookmarks/2" lastBookmarkId="0"/>
    <open-files xmlns="http://www.netbeans.org/ns/projectui-open-files/2">
        <group>
            <file>file:/C:/Users/memaniv/Documents/NetBeansProjects/PalindromeNumbersWebApp/src/java/za/ac/tut/model/NumbersCheckerInterface.java</file>
            <file>file:/C:/Users/memaniv/Documents/NetBeansProjects/PalindromeNumbersWebApp/web/WEB-INF/web.xml</file>
            <file>file:/C:/Users/memaniv/Documents/NetBeansProjects/PalindromeNumbersWebApp/web/summary.jsp</file>
            <file>file:/C:/Users/memaniv/Documents/NetBeansProjects/PalindromeNumbersWebApp/src/java/za/ac/tut/model/NumbersCheckerManager.java</file>
            <file>file:/C:/Users/memaniv/Documents/NetBeansProjects/PalindromeNumbersWebApp/web/outcome.jsp</file>
            <file>file:/C:/Users/memaniv/Documents/NetBeansProjects/PalindromeNumbersWebApp/web/invalid_numbers_error.jsp</file>
            <file>file:/C:/Users/memaniv/Documents/NetBeansProjects/PalindromeNumbersWebApp/web/number_entry.html</file>
            <file>file:/C:/Users/memaniv/Documents/NetBeansProjects/PalindromeNumbersWebApp/src/java/za/ac/tut/web/NumbersServlet.java</file>
        </group>
    </open-files>
</project-private>
